time_s,state,phase,radial_expansion,radial_expansion_median,radial_std,radial_p95,outward_frac,inward_frac,pt_displacement_mean,pt_displacement_median,pt_displacement_std,pt_displacement_max,point_count,point_density,feature_radius_mean,feature_radius_std,flow_magnitude,flow_dir_hist_0,flow_dir_hist_1,flow_dir_hist_2,flow_dir_hist_3,flow_dir_hist_4,flow_dir_hist_5,flow_dir_hist_6,flow_dir_hist_7,foe_x,foe_y,flow_median,flow_p95,flow_std,flow_max,div_mean,div_median,div_std,div_p95,div_pos_frac,div_max,grid_flow_00,grid_flow_01,grid_flow_02,grid_flow_10,grid_flow_11,grid_flow_12,grid_flow_20,grid_flow_21,grid_flow_22,cam_rotation,cam_scale,cam_tx,cam_ty,residual_flow_mean,residual_flow_p95,residual_div,hom_scale,hom_rotation,hom_tx,hom_ty,hom_persp_x,hom_persp_y,hom_ok,edge_density,texture_var,grad_magnitude_mean,sharpness,sky_fraction,ground_fraction,horizon_angle,horizon_pos,horizon_conf,expansion_rate,expansion_acceleration
0.0000,STABLE,APOGEE,nan,nan,nan,nan,nan,nan,nan,nan,nan,nan,228.0000,0.0030,nan,nan,nan,nan,nan,nan,nan,nan,nan,nan,nan,nan,nan,nan,nan,nan,nan,nan,nan,nan,nan,nan,nan,nan,nan,nan,nan,nan,nan,nan,nan,nan,nan,nan,nan,nan,nan,nan,nan,nan,nan,nan,nan,nan,nan,nan,0.0199,2590.7431,37.1366,168.4873,0.2349,0.7382,74.0546,0.4750,0.5824,-2.4515,-0.0795
0.1667,STABLE,APOGEE,-5.1794,-5.3076,4.3318,1.7233,0.1694,0.8306,7.1765,6.6163,4.4421,17.9035,268.0000,0.0035,71.9126,42.1227,7.1765,0.3306,0.0887,0.0242,0.0161,0.0645,0.1129,0.1210,0.2419,229.5111,91.5294,3.1794,11.6435,3.8270,17.8166,-0.0022,-0.0065,0.2881,0.4428,0.4694,3.3175,2.7780,8.1986,6.6606,2.4120,7.1247,3.2668,2.8320,2.2406,2.4806,-2.8193,0.9165,26.6078,-2.4167,4.4772,17.9843,0.0056,1.0144,4.1677,17.9174,-3.5015,0.0005,-0.0005,0.8306,0.0196,2570.7793,27.7985,126.5398,0.2103,0.6873,36.8699,0.8042,0.3250,-2.4647,0.0115
0.3333,STABLE,APOGEE,3.0963,0.8898,9.1360,16.6455,0.5926,0.4074,12.4678,14.0500,7.4228,33.5618,168.0000,0.0022,78.8749,39.3769,12.4678,0.0296,0.0074,0.0148,0.0444,0.0593,0.0074,0.4444,0.3926,216.4260,111.4248,2.0530,17.2586,5.9619,21.0625,-0.0026,-0.0001,0.3943,0.5883,0.4904,4.3371,1.3634,6.1667,7.7234,2.9775,7.6319,11.0100,2.4573,2.5441,3.3388,-0.5765,0.9515,23.3730,-8.8124,7.7879,23.9104,0.0753,0.7986,-1.2067,52.8037,-2.1308,-0.0003,-0.0004,0.6741,0.0185,2518.7744,25.1226,118.1347,0.2167,0.6657,40.1355,0.7958,0.3335,-2.4477,0.1935
0.5000,STABLE,APOGEE,0.0204,0.0002,0.1945,0.2933,0.5238,0.4702,0.1912,0.1730,0.1971,1.1239,173.0000,0.0023,85.4679,41.6962,0.1912,0.1190,0.0714,0.0893,0.1190,0.1131,0.1964,0.1905,0.1012,216.0759,116.1160,0.0885,0.4340,0.1648,2.0835,0.0001,-0.0000,0.0341,0.0452,0.4904,0.7798,0.2058,0.2693,0.1387,0.1489,0.1079,0.1927,0.0677,0.0311,0.0998,0.0146,1.0002,-0.0969,-0.0403,0.1966,0.5890,0.0006,1.0022,0.0619,-0.2239,-0.3449,0.0000,-0.0000,1.0000,0.0177,2517.8519,25.3925,113.0016,0.2271,0.6634,40.1355,0.7958,0.3335,-2.4002,0.3755
0.6667,ASCEND,DESCEND,2.9857,0.2919,13.5655,27.2699,0.6833,0.3167,15.3994,13.3896,14.3651,37.1085,88.0000,0.0011,72.3983,42.6646,15.3994,0.0500,0.1167,0.5667,0.1167,0.0333,0.0167,0.0000,0.1000,215.0000,141.4862,0.8039,11.1298,3.8025,25.6650,0.0001,0.0000,0.3562,0.4948,0.5070,4.2334,0.3321,1.6375,2.5980,2.6872,2.1805,6.2446,0.8921,3.1492,2.7707,-0.0023,1.0032,-0.7604,-0.5267,15.4566,34.0535,0.2699,1.1192,10.4898,-3.1300,-13.1556,0.0004,0.0004,0.5000,0.0167,2352.0602,21.9141,87.3524,0.1902,0.7277,37.5686,0.8000,0.3280,-2.3225,0.5575
0.8333,STABLE,DESCEND,-2.7745,-0.1343,4.9881,2.5254,0.4179,0.5821,5.7228,3.8961,5.0515,13.8233,122.0000,0.0016,76.7160,45.6939,5.7228,0.0448,0.1045,0.0448,0.1194,0.1194,0.3731,0.0597,0.1343,205.8919,152.3759,0.5955,10.5557,3.3707,15.6425,-0.0002,0.0000,0.3151,0.3482,0.5085,4.4881,0.2102,2.8580,3.9084,1.0514,1.9497,4.6916,0.3652,2.1087,3.0416,-0.0318,1.0020,0.0164,-0.6858,5.7912,12.9319,-0.1447,0.9321,0.8998,7.2206,16.3462,0.0004,-0.0003,0.6119,0.0151,2395.0619,21.9843,87.0360,0.1850,0.7216,38.2544,0.8042,0.3311,-2.2144,0.7395
1.0000,DESCEND,DESCEND,3.6419,2.3665,5.3292,13.4798,0.7980,0.2020,6.1218,4.8914,5.4028,14.4271,120.0000,0.0016,93.7689,39.6084,6.1218,0.3838,0.0202,0.0303,0.0909,0.0808,0.0202,0.0707,0.3030,195.9796,147.9228,0.3801,11.4011,3.5757,15.0061,-0.0003,0.0012,0.2733,0.2812,0.5346,3.9263,0.1412,3.2689,2.5330,0.4780,2.3902,5.0656,0.4264,2.4618,2.7801,-0.0783,1.0043,-0.5395,-1.1743,6.0250,13.6502,0.1688,0.9750,0.7596,20.0920,-5.9633,-0.0000,-0.0001,0.5859,0.0170,2306.8668,21.4044,79.7226,0.1767,0.7114,35.6398,0.7167,0.3261,-2.0760,0.9215
1.1667,DESCEND,DESCEND,-3.7799,-0.5750,5.8190,2.4993,0.3580,0.6420,8.7789,7.4712,9.0781,28.3309,216.0000,0.0028,92.4652,44.2313,8.7789,0.1728,0.2840,0.1481,0.1481,0.0617,0.0617,0.0494,0.0741,204.4030,157.1468,0.6085,9.3382,3.0262,17.0231,-0.0003,-0.0000,0.3128,0.4211,0.4990,4.3884,0.2916,1.6817,2.2611,0.8765,2.0435,3.8707,0.6050,2.5508,4.1547,-0.0265,0.9988,0.4759,0.2206,8.7145,26.2883,-0.0963,0.9317,2.4033,23.2366,18.4412,0.0002,-0.0003,0.6667,0.0141,2278.8370,22.7950,92.4917,0.1698,0.7056,38.3952,0.8000,0.3381,-1.9072,2.2358
1.3333,STABLE,DESCEND,-2.7104,-0.3227,7.7040,10.3654,0.3500,0.6500,8.4542,3.8456,8.4147,28.8639,114.0000,0.0015,98.7392,39.1263,8.4542,0.1000,0.1125,0.0375,0.2750,0.2250,0.0750,0.0625,0.1125,182.8892,155.6101,0.5777,5.5350,1.8321,11.6482,-0.0000,-0.0000,0.2407,0.3680,0.4977,2.2358,0.3333,1.3478,2.0357,0.8265,1.7597,1.9844,0.8077,1.8022,1.5141,0.2152,0.9946,0.4717,2.0616,8.3611,21.3525,-0.1138,0.9663,-0.2914,2.4368,5.2165,-0.0000,-0.0001,0.5250,0.0146,2345.8920,20.0910,80.1636,0.1742,0.7163,37.5686,0.8000,0.3280,-1.3307,-4.7684
1.5000,DESCEND,DESCEND,-0.0180,0.0000,0.0798,0.0010,0.3596,0.3596,0.0722,0.0003,0.2378,1.9137,164.0000,0.0021,96.8200,39.7399,0.0722,0.3772,0.0614,0.0614,0.1053,0.1316,0.0877,0.0702,0.1053,193.4386,142.4172,0.0000,0.2546,0.1342,1.3987,-0.0000,0.0000,0.0169,0.0094,0.5092,0.4729,0.0001,0.0659,0.0357,0.0032,0.1614,0.0811,0.0000,0.0072,0.0069,0.0138,0.9998,-0.0186,0.0465,0.0973,0.3119,0.0003,0.9990,0.0040,0.1514,0.0289,0.0000,-0.0000,1.0000,0.0146,2345.3229,20.0893,79.9936,0.1887,0.7132,37.5686,0.8000,0.3280,-3.4967,-10.2008
1.6667,DESCEND,DESCEND,3.1292,0.1982,7.1529,18.2011,0.7432,0.2568,7.7240,3.8751,7.8920,21.9344,96.0000,0.0013,97.2417,34.6217,7.7240,0.4730,0.0541,0.0946,0.0541,0.1081,0.0811,0.0270,0.1081,186.7386,147.9101,0.2894,5.7021,2.0306,12.2573,0.0002,-0.0000,0.2241,0.3244,0.4908,2.4469,0.1643,0.9635,1.8435,0.5627,1.5445,2.7347,0.7969,1.9042,1.0143,-0.1955,1.0051,-0.5602,-1.9714,7.7669,19.6042,0.0846,1.1242,3.6123,6.5476,-11.9103,0.0004,0.0001,0.6892,0.0141,2241.6098,20.0805,80.9530,0.1703,0.7173,37.7250,0.8042,0.3350,-4.7310,0.1054
1.8333,STABLE,DESCEND,-2.4371,-0.1314,5.0274,3.8892,0.3699,0.6301,6.0391,3.2741,6.3578,18.6353,143.0000,0.0019,85.4949,37.5927,6.0391,0.1507,0.4932,0.0685,0.0685,0.0274,0.0137,0.0137,0.1644,195.7952,174.1304,0.1678,10.4618,3.1956,16.3047,0.0000,0.0000,0.2927,0.2356,0.5004,5.7780,0.1192,0.4600,1.3598,0.2922,1.6181,5.9559,0.4745,1.4225,2.0786,0.3160,0.9918,1.2261,3.2108,5.6977,16.7623,-0.0351,1.0581,1.0369,1.5103,-4.2321,0.0001,0.0001,0.5753,0.0145,2208.6530,18.8588,76.1328,0.1726,0.7300,35.4333,0.7125,0.3191,-3.4616,8.5617
2.0000,ASCEND,DESCEND,-2.9164,-0.3027,5.5953,4.0730,0.4519,0.5481,6.9641,5.9110,6.2164,19.6156,146.0000,0.0019,86.7242,46.8095,6.9641,0.0865,0.5192,0.0962,0.0385,0.1346,0.0288,0.0096,0.0865,212.7155,184.0971,0.1240,12.0835,3.5974,16.0650,0.0004,0.0000,0.2866,0.2483,0.5015,5.4824,0.0610,0.1853,3.2911,0.0762,0.6756,7.3231,0.6016,0.7239,2.2188,-2.4767,0.9433,23.0624,8.6752,5.8965,15.4370,0.0369,1.0021,3.7933,5.5297,4.8889,0.0002,-0.0000,0.8077,0.0141,2174.3655,18.0214,70.5516,0.1720,0.7262,nan,nan,0.0000,-1.8771,1.6223
2.1667,STABLE,DESCEND,2.3653,-0.0004,8.6434,14.2348,0.5000,0.5000,11.4587,9.0834,9.6248,39.9409,71.0000,0.0009,125.9499,48.7864,11.4587,0.0417,0.0000,0.0833,0.1667,0.2500,0.2083,0.1667,0.0833,197.2151,164.1432,0.1435,19.3082,7.5183,50.8173,-0.0051,-0.0001,0.7770,0.8353,0.4876,12.1377,0.0298,0.3190,1.2462,2.5836,3.0421,6.0544,3.3929,13.1386,7.5780,-0.9678,0.9718,0.1088,-0.1862,10.7634,30.3348,0.1990,0.8549,-1.6029,11.7571,9.7396,-0.0002,-0.0005,0.5833,0.0178,2931.2236,18.4334,52.1899,0.2824,0.6810,39.2257,0.7833,0.3163,-2.9208,6.5443
2.3333,STABLE,DESCEND,0.5167,-0.6882,5.7448,8.2453,0.3077,0.6923,6.7214,2.3161,9.7388,35.5634,73.0000,0.0010,111.2249,30.1595,6.7214,0.1538,0.0769,0.0000,0.3077,0.0000,0.0000,0.3846,0.0769,176.5983,171.3674,0.0962,16.6148,6.4921,42.7357,0.0023,0.0000,0.7765,0.8482,0.5031,14.1422,0.0317,0.0620,2.5614,3.3760,2.9930,9.0470,4.7156,5.7558,6.5520,-0.4071,0.9963,2.6166,-1.5831,6.1719,24.8718,0.0465,1.0409,0.2899,-2.6708,-8.6064,-0.0000,0.0001,0.6923,0.0144,2002.9094,17.5391,61.3860,0.3894,0.5111,40.1355,0.7958,0.3335,0.3043,9.4446
2.5000,ASCEND,DESCEND,-0.0005,0.0000,0.0555,0.0148,0.3562,0.4110,0.0240,0.0003,0.0673,0.3178,145.0000,0.0019,90.9136,39.3183,0.0240,0.3425,0.0822,0.0685,0.1507,0.0959,0.0822,0.0411,0.1370,199.5863,164.8139,0.0001,0.0707,0.0321,0.5262,-0.0000,0.0000,0.0056,0.0044,0.5014,0.1379,0.0014,0.0062,0.0107,0.0036,0.0353,0.0089,0.0108,0.0194,0.0057,-0.0021,1.0000,0.0070,-0.0092,0.0284,0.1655,0.0007,1.0002,0.0112,0.0138,-0.0618,0.0000,-0.0000,1.0000,0.0143,2003.9346,17.5832,61.2230,0.3898,0.5109,39.4725,0.7917,0.3303,0.2274,-7.2555
2.6667,STABLE,DESCEND,-3.1648,-0.1743,9.6609,5.5671,0.5000,0.5000,11.0959,4.4473,11.7412,39.1396,70.0000,0.0009,102.9148,44.0000,11.0959,0.0769,0.4231,0.0769,0.3077,0.0385,0.0000,0.0000,0.0769,184.9344,179.4162,0.1502,12.8463,4.4078,24.4865,-0.0004,0.0002,0.4329,0.4597,0.5195,5.2758,0.0293,0.1389,2.4052,0.6724,2.3965,6.0682,1.0256,3.7814,3.8889,0.6809,1.0062,-3.9510,1.5191,10.9853,32.4940,0.0743,1.2410,3.3927,-23.9695,-20.5583,0.0002,0.0010,0.5000,0.0145,1693.6211,19.1993,76.7548,0.2166,0.3778,35.0738,0.7875,0.2871,-2.1142,-8.5117
2.8333,STABLE,DESCEND,3.1077,0.3763,5.4118,11.8671,0.6765,0.3235,5.3974,3.5005,5.3227,16.7914,59.0000,0.0008,81.7214,38.9538,5.3974,0.1471,0.0000,0.0294,0.0882,0.1176,0.0882,0.0588,0.4706,177.3575,190.6080,0.1728,11.5804,3.6386,16.7322,0.0001,0.0001,0.3278,0.3435,0.5084,4.1338,0.0859,0.0367,1.0028,0.6074,1.3678,5.1259,0.9240,5.0420,3.7228,-0.2954,1.0005,0.8893,-1.5666,5.2831,13.9719,0.1734,1.7751,8.6561,-31.2056,-110.0328,0.0015,0.0011,0.6471,0.0130,1731.7348,17.1573,71.3323,0.1986,0.4200,39.0531,0.7958,0.3412,-2.6099,5.6187
3.0000,DESCEND,DESCEND,-2.6112,-1.2028,4.9957,3.7675,0.4242,0.5758,5.5964,3.8704,5.9591,24.1561,50.0000,0.0007,87.2399,39.2748,5.5964,0.1212,0.1818,0.3030,0.1515,0.0909,0.0000,0.0000,0.1515,170.2128,199.2578,0.0745,8.8990,3.0701,17.6882,0.0001,-0.0000,0.2998,0.2722,0.4992,4.3722,0.0819,0.0130,0.0941,0.6332,0.1484,2.5543,1.3188,3.3149,4.4623,0.9452,0.9942,-1.1812,5.9047,5.2747,14.7897,-0.0929,1.0361,-2.1392,-7.1970,0.8230,-0.0001,0.0003,0.6667,0.0125,1798.6977,15.7622,60.0900,0.2020,0.4645,37.2079,0.8042,0.3390,-0.2413,5.2013
3.1667,STABLE,DESCEND,0.5687,-0.1043,2.3022,5.8788,0.3929,0.6071,2.1483,1.2097,2.5161,10.5426,50.0000,0.0007,92.7435,36.2554,2.1483,0.0714,0.0357,0.0000,0.1429,0.1429,0.1429,0.1786,0.2857,169.6149,192.1408,0.0543,4.1308,1.5601,14.6464,-0.0001,-0.0000,0.1766,0.1780,0.4980,2.1431,0.0804,0.0897,0.2045,0.4997,0.0495,1.5483,1.0039,1.4449,1.1747,0.2543,0.9907,1.5732,3.0354,2.2817,8.1536,0.0578,0.9632,3.3373,23.9184,1.4046,0.0003,-0.0005,0.9286,0.0129,1837.8101,15.6174,51.9790,0.1702,0.5347,38.3952,0.8000,0.3381,-0.8761,-11.3673
3.3333,DESCEND,DESCEND,-0.1991,-0.1790,2.0360,3.9710,0.4000,0.6000,1.9122,1.4395,1.9415,6.8921,56.0000,0.0007,87.2813,41.9468,1.9122,0.2333,0.0667,0.0333,0.1333,0.0333,0.0667,0.1667,0.2667,167.9655,194.1500,0.0565,3.8329,1.4076,11.6221,-0.0002,0.0000,0.1910,0.2084,0.5061,3.9302,0.1072,0.2107,0.6027,0.3703,0.0223,1.7948,0.6113,0.9966,1.2825,-0.1593,0.9964,1.8398,0.0198,1.8045,5.8693,-0.0099,1.3485,2.2660,-39.7924,-49.9138,0.0003,0.0010,0.8667,0.0130,1862.8649,15.9231,54.6521,0.1693,0.5312,40.2364,0.8000,0.3406,-4.0304,-3.7558
3.5000,STABLE,DESCEND,0.0265,0.0001,0.0662,0.1891,0.5714,0.2143,0.0491,0.0006,0.1152,0.4274,169.0000,0.0022,97.4526,50.4521,0.0491,0.3393,0.0000,0.0893,0.0357,0.1250,0.0536,0.1607,0.1964,172.8648,203.2486,0.0000,0.0432,0.0513,0.5525,0.0001,0.0000,0.0074,0.0020,0.5086,0.1238,0.0003,0.0006,0.0031,0.0001,0.0009,0.0122,0.0027,0.0172,0.0652,0.0161,1.0000,-0.0238,0.0192,0.0759,0.3168,0.0004,1.0006,0.0116,-0.1213,0.0055,0.0000,-0.0000,1.0000,0.0128,1864.5608,15.9021,53.1128,0.1815,0.5359,40.2364,0.8000,0.3406,-2.1280,9.5933
3.6667,DESCEND,DESCEND,-2.1663,-0.6587,3.4191,1.3645,0.3194,0.6806,7.5271,4.2904,7.7277,27.1791,90.0000,0.0012,101.5689,46.0214,7.5271,0.2083,0.4167,0.2083,0.0417,0.0556,0.0000,0.0278,0.0417,182.5309,189.2261,0.0601,4.7181,2.1862,22.8446,-0.0004,-0.0000,0.2545,0.2430,0.4976,5.5147,1.8947,0.1514,1.6191,0.6721,0.0389,0.4582,0.9459,1.2206,1.1383,0.4999,0.9963,-0.9523,3.4191,7.3880,23.8652,-0.0501,1.0467,3.1299,8.8122,6.0657,0.0003,0.0000,0.7083,0.0121,1797.7000,15.6247,51.5856,0.1709,0.4909,39.0531,0.7958,0.3412,-0.8326,5.6451
3.8333,DESCEND,DESCEND,0.3956,0.1727,3.4699,3.2310,0.6304,0.3696,4.8943,1.7597,7.2163,26.3567,84.0000,0.0011,91.7799,43.0098,4.8943,0.1739,0.2174,0.0870,0.1957,0.1522,0.0217,0.0000,0.1522,177.0914,183.4155,0.0941,8.1085,4.0900,32.0171,0.0126,0.0000,0.2748,0.3225,0.5125,3.3383,7.0905,0.0090,1.6780,0.6477,0.1313,0.8093,0.5336,1.1119,1.8221,0.1038,1.0019,-1.0141,0.3511,4.9074,24.6741,-0.0454,1.0414,0.1246,-5.2397,-4.5454,0.0000,0.0001,0.7609,0.0123,1671.8796,16.4844,53.7837,0.1781,0.4683,37.8750,0.8000,0.3421,-0.2464,-16.2484
4.0000,DESCEND,DESCEND,-0.4708,0.0000,3.3370,4.5939,0.5106,0.4894,6.7706,2.7652,7.7099,23.0619,108.0000,0.0014,95.1484,45.3938,6.7706,0.1702,0.0851,0.0213,0.0638,0.0851,0.1489,0.0638,0.3617,173.5611,176.2738,0.2188,14.5331,4.5344,22.8139,-0.0093,-0.0000,0.3646,0.3942,0.4904,4.8906,7.8176,0.0428,3.9368,2.0002,1.6121,0.6114,1.5349,1.0764,0.8678,-0.3850,1.0031,1.1687,-2.4426,6.3650,21.0371,-0.0085,1.0715,4.9959,23.1227,-8.1553,0.0005,-0.0002,0.7660,0.0129,1701.5977,18.4276,56.8230,0.1937,0.5209,35.2176,0.7167,0.4162,-6.2487,-25.9334
4.1667,DESCEND,DESCEND,-1.0360,-0.4209,2.4068,1.9174,0.3390,0.6610,5.4987,1.5695,7.0185,25.6016,144.0000,0.0019,95.4647,39.6730,5.4987,0.1356,0.1864,0.1017,0.0508,0.0000,0.0169,0.0508,0.4576,180.8317,166.0889,0.2922,14.5249,4.5045,19.8747,-0.0037,-0.0000,0.3537,0.4611,0.4985,3.9390,8.7351,0.0605,3.1701,3.3391,1.2716,0.4750,2.5591,1.9982,1.1068,-0.2005,0.9984,0.9671,0.1541,5.3691,18.3700,-0.0190,1.0268,-0.7114,-4.9921,-4.9480,-0.0001,0.0002,0.6271,0.0163,1585.1258,20.2463,65.4823,0.2001,0.4769,35.3112,0.7125,0.4412,-8.8908,-27.1285
4.3333,DESCEND,DESCEND,-1.8220,0.1099,5.5172,6.8419,0.5758,0.4242,6.8995,3.7151,8.4340,37.0908,95.0000,0.0012,95.3604,44.1687,6.8995,0.1364,0.1515,0.1364,0.1970,0.1364,0.0000,0.0758,0.1667,184.1678,162.9852,0.2546,13.7767,4.6372,26.0989,-0.0044,-0.0001,0.4154,0.5379,0.4850,5.0356,10.1703,0.5874,2.1255,4.5379,0.7799,0.2814,2.9682,1.1210,2.0732,0.0528,1.0004,-0.3610,0.1918,6.9319,25.8744,-0.0384,0.9861,-0.7874,-0.5234,2.2206,-0.0001,0.0000,0.5758,0.0208,1527.8517,22.3926,77.0835,0.2162,0.4206,35.3803,0.7458,0.4231,-15.2915,-26.6841
4.5000,DESCEND,DESCEND,0.0407,0.0000,0.3151,0.1665,0.3579,0.4842,0.1427,0.0005,0.5489,4.0130,181.0000,0.0024,117.4757,49.0176,0.1427,0.2632,0.0526,0.0947,0.2211,0.1684,0.0947,0.0526,0.0526,172.2222,149.3594,0.0013,0.3164,0.2144,3.2616,0.0004,0.0000,0.0238,0.0162,0.5282,0.4582,0.1107,0.0751,0.0767,0.0083,0.0321,0.1028,0.0085,0.0224,0.1387,0.0143,0.9999,-0.0374,0.0693,0.1636,0.3250,0.0032,1.0006,0.0580,-0.1449,-0.0014,0.0000,0.0000,1.0000,0.0210,1526.7278,22.3838,75.7723,0.2352,0.4170,35.3803,0.7375,0.4231,-17.7855,-13.3182
4.6667,DESCEND,DESCEND,-3.7327,-1.1482,6.7386,7.1975,0.3895,0.6105,10.1286,11.2719,6.8893,20.5255,118.0000,0.0015,113.3192,43.4062,10.1286,0.2737,0.0947,0.0842,0.0632,0.0421,0.0316,0.0000,0.4105,178.5056,132.2901,0.3547,17.2025,5.6570,19.5786,-0.0082,0.0000,0.3694,0.4382,0.5130,4.6404,15.3335,2.0207,2.8675,3.6493,0.4367,1.0381,3.2879,0.6058,1.4434,-2.9554,0.9767,20.7691,-4.2859,4.1602,12.0861,0.0244,1.0301,2.9684,19.3309,-5.0790,0.0002,-0.0001,0.7895,0.0212,1492.8869,23.0468,76.2420,0.2335,0.4061,-75.2803,0.5000,0.6100,-19.7309,-8.9556
4.8333,DESCEND,DESCEND,-5.8885,-9.1898,6.3008,3.0962,0.3000,0.7000,10.6088,12.5918,6.7107,21.0453,145.0000,0.0019,117.5344,33.3399,10.6088,0.3500,0.1625,0.0000,0.0625,0.0250,0.0000,0.0125,0.3875,174.5511,120.5654,0.5357,17.7339,5.9726,20.4839,-0.0108,-0.0000,0.4256,0.4850,0.4903,4.4557,14.9422,4.0374,4.3803,4.5064,0.1840,1.2578,5.0491,1.1595,1.6360,-4.5527,0.9755,21.4258,-4.3479,4.3123,14.8405,-0.0018,1.0331,2.6268,17.8608,-2.9100,0.0003,-0.0002,0.8125,0.0225,1543.1425,23.3765,80.8952,0.2451,0.4026,-73.2016,0.5083,0.5536,-20.7707,-6.7281
5.0000,DESCEND,DESCEND,-8.2203,-9.9471,8.7284,3.8713,0.2530,0.7470,12.6038,15.5037,8.8687,23.7256,115.0000,0.0015,116.7992,33.6654,12.6038,0.4819,0.0602,0.0723,0.0241,0.0241,0.0361,0.1084,0.1928,186.2437,115.5654,0.6861,17.8986,5.8289,24.4274,-0.0149,-0.0000,0.4641,0.5754,0.4988,5.0481,12.5705,8.0702,2.5930,3.2536,0.2649,0.2592,5.7825,0.5169,1.6195,-5.4031,0.9651,27.8767,-3.1678,4.7093,15.5128,0.0005,0.9828,3.0187,25.2669,2.1526,0.0003,-0.0003,0.7831,0.0274,1650.0334,26.5794,87.8773,0.2574,0.4408,-67.3448,0.4792,0.6231,-21.9736,4.3812
5.1667,DESCEND,DESCEND,-3.5481,-3.5920,3.2730,1.3890,0.2115,0.7885,6.7620,6.5195,4.3717,14.6310,171.0000,0.0022,112.9753,31.2679,6.7620,0.3269,0.0962,0.0192,0.0769,0.1442,0.0962,0.0481,0.1923,174.0647,110.6990,1.2503,12.2739,4.3345,14.4278,-0.0149,-0.0004,0.3161,0.3713,0.4713,2.7861,9.0528,7.4449,5.0755,3.1862,0.3988,0.0987,4.9592,0.8106,1.7685,-3.9734,0.9804,14.0559,-4.7964,2.9738,9.0256,-0.0025,1.0146,3.9185,10.3844,-4.1743,0.0003,-0.0002,0.8558,0.0303,1689.8637,28.3146,114.1242,0.2462,0.5079,-62.0329,0.4792,0.6397,-19.3103,4.3963
5.3333,DESCEND,DESCEND,-2.3566,-1.5886,3.5872,3.0234,0.3228,0.6772,8.3451,9.9235,3.8325,17.5295,267.0000,0.0035,104.4555,36.3992,8.3451,0.2992,0.0394,0.0394,0.0709,0.1260,0.0472,0.0157,0.3622,161.5138,104.1073,2.9898,11.8626,4.6049,17.2948,-0.0234,-0.0007,0.3576,0.4246,0.4902,3.0595,10.7029,8.3844,6.1243,5.0844,1.5098,0.2910,6.4897,2.6439,1.6542,-3.5874,0.9902,13.6899,-6.4863,2.9291,9.0417,0.0050,0.9851,3.5637,15.5724,-5.7132,0.0001,-0.0001,0.8661,0.0310,1619.2069,32.7237,152.4796,0.2500,0.5415,-32.8557,0.2833,0.5714,-20.5082,0.5413
5.5000,DESCEND,DESCEND,-0.0008,0.0000,0.0139,0.0003,0.1273,0.1161,0.0023,0.0000,0.0154,0.1609,329.0000,0.0043,111.1863,41.4798,0.0023,0.7903,0.0412,0.0262,0.0449,0.0300,0.0225,0.0300,0.0150,154.0862,106.7641,0.0000,0.0090,0.0163,0.8226,-0.0000,0.0000,0.0044,0.0003,0.5143,0.2615,0.0013,0.0026,0.0014,0.0003,0.0004,0.0033,0.0057,0.0061,0.0016,-0.0003,1.0000,0.0010,-0.0012,0.0036,0.0025,-0.0000,1.0000,0.0001,-0.0010,0.0012,0.0000,0.0000,1.0000,0.0310,1619.3338,32.7192,152.1603,0.2617,0.5261,-58.0919,0.4417,0.6243,-19.1299,10.1952
5.6667,DESCEND,DESCEND,-1.8568,-0.8544,4.1611,3.5140,0.3881,0.6119,5.2416,4.6354,3.7483,17.2233,322.0000,0.0042,102.0540,39.6649,5.2416,0.1306,0.0597,0.3619,0.0784,0.0299,0.1157,0.1306,0.0933,150.2842,119.7358,2.5522,12.2750,3.8803,17.2101,0.0315,0.0165,0.3197,0.4392,0.5993,4.8223,3.1913,4.4581,8.3287,3.5833,1.8696,1.4672,8.3263,2.3424,0.3990,-3.2491,0.9898,1.8743,-4.7973,6.9390,18.9488,0.0016,0.9928,3.8983,-2.4045,-5.5638,0.0001,-0.0000,0.8619,0.0322,1592.2741,32.5158,113.6430,0.2545,0.5093,-61.0736,0.5000,0.6512,-17.1098,10.0662
5.8333,DESCEND,DESCEND,-1.9433,-0.0123,6.1728,5.8467,0.4864,0.5136,10.1921,9.1947,7.2657,25.8714,264.0000,0.0034,95.6405,36.8993,10.1921,0.3500,0.2955,0.0818,0.0909,0.0682,0.0636,0.0091,0.0409,161.4805,120.6955,3.2839,18.7363,6.2713,23.1956,-0.0110,-0.0031,0.4169,0.5854,0.4783,4.2404,16.6120,13.4655,4.9937,5.9175,3.4338,1.5755,3.6710,1.8197,0.2846,-4.6095,0.9704,24.4345,-2.5717,5.6427,13.4269,-0.0028,1.1016,5.1304,16.0399,-6.8181,0.0004,0.0003,0.7727,0.0328,1547.1089,33.5059,127.4099,0.2486,0.4958,-52.8739,0.4792,0.6710,-15.7745,15.9385
6.0000,DESCEND,DESCEND,-1.5223,-1.2406,2.9489,3.7041,0.3261,0.6739,4.9540,5.5740,2.7585,10.7880,279.0000,0.0036,98.5065,39.0742,4.9540,0.2609,0.1739,0.0217,0.0348,0.0261,0.0130,0.0957,0.3739,176.2718,108.3116,3.6037,8.8259,3.1537,10.8083,0.0103,0.0023,0.2538,0.3316,0.5301,3.9843,7.2339,5.4628,5.5757,4.5468,2.4884,1.6889,4.6680,0.9208,0.1432,-1.7111,0.9834,10.0361,-3.9776,2.2308,4.9932,0.0121,0.9789,2.8594,9.5907,-6.1540,0.0000,-0.0001,0.9261,0.0333,1567.9203,33.6419,103.3673,0.2630,0.5001,-50.9469,0.4583,0.6825,-11.7970,15.0261
6.1667,DESCEND,DESCEND,-2.5013,-1.3545,3.0985,1.4596,0.2893,0.7107,5.2609,4.7959,3.8872,16.2800,327.0000,0.0043,101.4604,41.3691,5.2609,0.5785,0.2025,0.0331,0.0331,0.0000,0.0041,0.0207,0.1281,191.7070,115.6074,3.3050,11.8054,4.1132,14.8850,-0.0196,-0.0052,0.2821,0.2842,0.4249,3.9569,8.8034,9.1288,7.5839,3.5570,1.8489,0.8694,4.7426,0.8809,0.0698,-0.0392,0.9809,6.0973,4.4901,3.2523,8.4147,-0.0061,0.9984,0.5020,11.8198,2.4155,0.0001,0.0000,0.9545,0.0357,1618.7355,34.6366,123.0835,0.2651,0.4901,-51.0847,0.4792,0.7004,-10.7658,-3.8881
6.3333,DESCEND,DESCEND,-6.6743,-7.3213,7.9262,6.2283,0.1882,0.8118,11.3612,11.2308,6.1193,24.6406,272.0000,0.0035,98.8185,43.7604,11.3612,0.7258,0.0914,0.0269,0.0161,0.0161,0.0161,0.0269,0.0806,229.4244,124.0575,3.5462,13.7980,4.7808,17.9462,-0.0154,0.0086,0.4847,0.5706,0.5601,4.3019,8.9354,10.7510,7.1179,4.7082,3.8888,2.0635,3.9728,2.2721,0.3975,0.7752,0.9575,15.2296,8.6933,5.6479,12.5169,-0.0142,1.0087,0.3131,5.4915,3.9391,0.0000,0.0002,0.7957,0.0394,1850.5082,37.2372,131.5636,0.3244,0.4385,-51.9112,0.5125,0.7052,-13.0930,-4.7395
6.5000,DESCEND,DESCEND,0.0304,0.0000,0.1369,0.1670,0.4596,0.3787,0.0527,0.0007,0.1484,0.8435,278.0000,0.0036,115.2413,50.7932,0.0527,0.2831,0.0735,0.0956,0.1471,0.0846,0.0735,0.0809,0.1618,203.8341,116.8758,0.0003,0.2408,0.1251,1.1109,0.0003,0.0000,0.0148,0.0141,0.5195,0.2298,0.0347,0.0610,0.0471,0.0136,0.0152,0.1463,0.0357,0.0389,0.0086,0.0040,1.0003,-0.0289,-0.0179,0.0804,0.3194,0.0003,0.9996,-0.0202,-0.0324,0.0578,-0.0000,0.0000,1.0000,0.0399,1850.0476,37.3029,135.8701,0.3256,0.4382,-52.8041,0.5167,0.7030,-12.3457,-1.8030
6.6667,DESCEND,DESCEND,-2.3239,-0.3377,7.0035,8.6500,0.4503,0.5497,10.0451,10.6555,5.0386,18.9994,270.0000,0.0035,101.7610,46.4061,10.0451,0.6283,0.1518,0.0942,0.0628,0.0366,0.0000,0.0000,0.0262,205.1230,108.3841,5.6765,16.4018,5.8983,21.8051,-0.0663,-0.0179,0.3947,0.3707,0.3650,5.1563,13.0399,13.6071,11.7700,4.7753,3.3025,1.8080,6.7778,2.8060,0.2311,-2.2798,0.9593,19.6507,0.3531,5.7048,19.7177,0.0588,1.0089,0.9991,21.4640,0.0931,0.0000,0.0000,0.8168,0.0444,1848.8824,37.9977,126.9282,0.3223,0.4588,-49.1223,0.4958,0.7869,-13.6940,10.9236
6.8333,DESCEND,DESCEND,-3.1860,-0.8218,8.8520,9.6128,0.4062,0.5938,11.3226,12.1368,4.7728,18.7708,259.0000,0.0034,100.3034,42.5985,11.3226,0.0208,0.0104,0.0260,0.5417,0.2083,0.0990,0.0781,0.0156,178.0065,104.3986,7.2094,16.0378,5.8671,19.0939,0.0511,0.0045,0.4415,0.7334,0.5535,3.9786,9.5901,12.4791,14.2113,8.7998,5.2940,2.6762,4.8143,3.2375,0.2037,-3.5717,0.9487,2.3146,-5.0640,8.7992,24.3035,0.0109,0.8759,1.4212,-4.2858,7.8696,-0.0000,-0.0006,0.8021,0.0449,1903.8840,38.7617,123.9262,0.2976,0.4666,-45.0000,0.4667,0.7637,-8.7045,22.4322
7.0000,DESCEND,DESCEND,2.8698,2.2966,7.9086,12.5191,0.6789,0.3211,11.6819,13.4455,4.7772,17.7426,281.0000,0.0037,104.3452,44.2263,11.6819,0.4220,0.2248,0.0275,0.0183,0.0000,0.0138,0.0000,0.2936,154.2140,94.0083,10.6170,15.6457,6.1452,20.4727,-0.0374,-0.0021,0.4382,0.4101,0.4720,5.0589,14.3065,13.8737,11.5445,11.3434,5.7571,3.3725,9.4988,2.7990,0.2251,-2.5485,0.9991,15.2460,-9.2924,7.2364,16.4874,0.0158,1.0868,1.6043,15.2312,-11.3392,-0.0000,0.0003,0.8119,0.0476,1958.9395,41.3835,152.8862,0.3173,0.4522,-47.0454,0.4917,0.7925,-6.2166,7.7945
7.1667,DESCEND,DESCEND,-2.7342,-2.9581,2.7230,1.1307,0.2060,0.7940,4.7540,4.7614,2.8133,11.0374,294.0000,0.0038,105.3551,42.9816,4.7540,0.1573,0.3783,0.0037,0.0599,0.0337,0.0712,0.1610,0.1348,163.6139,96.8784,3.5833,9.0715,3.0569,12.0020,-0.0027,-0.0003,0.1896,0.2280,0.4896,2.6084,6.4160,6.4536,7.1103,4.2289,1.8344,0.9440,5.2172,1.2221,0.2837,-2.2475,0.9776,9.5998,-2.4465,2.7752,6.6509,-0.0098,0.9523,1.0943,7.7119,5.0333,0.0000,-0.0001,0.9139,0.0536,2001.7168,43.1694,177.1750,0.3087,0.4570,-46.0051,0.5083,0.8062,-6.1063,-2.3666
7.3333,DESCEND,DESCEND,-1.1147,-0.2676,4.1217,5.8104,0.4449,0.5551,6.2589,6.7736,2.5906,10.1873,299.0000,0.0039,104.3542,45.2918,6.2589,0.3309,0.1838,0.0110,0.0221,0.0184,0.0074,0.0147,0.4118,173.3700,90.5670,5.8899,9.0887,3.2690,11.0194,0.0034,0.0092,0.2449,0.2614,0.5890,3.5882,8.6248,6.6129,7.2085,6.5517,4.0640,3.2301,4.6716,1.6464,0.4555,-1.8330,0.9832,11.3620,-2.0805,2.2947,4.9879,0.0221,1.0135,2.8609,8.5678,-7.7917,0.0000,0.0000,0.9044,0.0514,2034.2410,42.9644,142.1732,0.3098,0.4533,-42.9362,0.5125,0.7854,-7.0055,0.5398
7.5000,DESCEND,DESCEND,0.0048,0.0000,0.0516,0.0075,0.2441,0.2241,0.0160,0.0000,0.0626,0.5951,341.0000,0.0044,107.5522,42.5655,0.0160,0.5786,0.0635,0.0903,0.0702,0.0635,0.0301,0.0502,0.0535,142.8924,98.9129,0.0000,0.0900,0.0564,0.9412,-0.0001,-0.0000,0.0093,0.0026,0.4659,0.3033,0.0195,0.0063,0.0002,0.0096,0.0047,0.0002,0.0713,0.0103,0.0022,0.0032,1.0001,-0.0180,0.0095,0.0260,0.1322,-0.0001,1.0000,0.0005,0.0159,0.0066,0.0000,-0.0000,1.0000,0.0512,2033.5809,42.9579,141.5908,0.3270,0.4519,13.0756,0.1500,0.7956,-5.9264,2.2412
7.6667,DESCEND,DESCEND,-2.5461,-1.3907,3.2857,1.1942,0.2435,0.7565,6.1746,6.5780,3.9144,13.2853,337.0000,0.0044,103.2113,41.0181,6.1746,0.2143,0.4351,0.1071,0.0552,0.0325,0.0260,0.0942,0.0357,159.3138,109.9764,3.2707,12.0031,4.1832,13.3802,-0.0173,-0.0055,0.2007,0.2224,0.4410,2.3121,8.5256,9.4040,10.2419,3.1797,3.5480,3.9077,2.6288,0.6326,0.5118,-2.7247,0.9842,10.2755,-0.0697,2.6738,9.3798,-0.0127,0.9950,1.9993,7.4324,3.2833,0.0001,0.0001,0.9675,0.0566,2111.1577,44.4741,157.5160,0.3108,0.4360,-40.1301,0.5083,0.7913,-6.2584,-12.9843
7.8333,DESCEND,DESCEND,2.1944,3.1599,4.9951,8.8601,0.7208,0.2792,7.2487,7.6070,3.0713,14.6406,336.0000,0.0044,108.7965,39.2193,7.2487,0.0584,0.0097,0.0032,0.0097,0.0097,0.0130,0.7338,0.1623,142.9726,130.4104,6.3773,10.8480,3.8013,14.6692,0.0090,0.0060,0.3306,0.3873,0.5720,4.5123,9.5504,7.5072,5.0244,9.1082,6.8411,4.0713,5.9767,2.0161,0.5323,-0.5138,0.9887,7.5115,-7.2258,2.7497,9.3280,0.0246,0.9965,0.5340,9.2119,-9.2112,0.0000,-0.0001,0.9675,0.0622,2080.6882,45.3402,205.4946,0.3113,0.4327,-40.9858,0.5250,0.8081,-10.2545,-32.8858
8.0000,DESCEND,DESCEND,-5.5739,-6.4372,4.7006,2.2222,0.1321,0.8679,10.2037,10.8079,2.9847,17.4239,343.0000,0.0045,114.9207,39.7783,10.2037,0.2071,0.7250,0.0143,0.0000,0.0036,0.0036,0.0036,0.0429,176.5682,159.0986,9.6634,12.6207,4.5639,16.6686,-0.0224,0.0007,0.3050,0.2924,0.5073,3.2503,9.6838,10.1746,9.9190,10.4082,7.8836,6.1055,9.8045,3.8465,0.9462,-1.1545,0.9898,9.4431,7.1593,2.4775,9.4782,-0.0076,1.0260,1.2923,7.1920,3.3702,0.0000,0.0001,0.9179,0.0610,2139.1141,46.8879,220.1002,0.3365,0.4434,-40.9504,0.5542,0.8010,-17.2204,-28.5901
8.1667,DESCEND,DESCEND,-5.2221,-5.5587,3.3343,0.0275,0.0755,0.9245,6.4225,7.1013,3.3026,11.6394,357.0000,0.0046,130.6387,48.3272,6.4225,0.1950,0.6887,0.0189,0.0377,0.0220,0.0000,0.0157,0.0220,202.1389,187.6516,5.2321,10.9370,3.7507,11.8611,-0.0200,-0.0091,0.1898,0.1735,0.4083,2.5618,9.3206,9.6021,7.9305,5.4630,5.1900,4.7949,2.5313,1.4244,0.4210,-1.3584,0.9863,7.9610,3.5984,1.8290,6.4092,-0.0083,0.9823,0.7370,7.4438,7.9768,0.0000,0.0000,1.0000,0.0639,2166.1841,46.9733,159.5217,0.3350,0.4313,-38.9910,0.5583,0.8106,-19.7845,-12.9680
8.3333,DESCEND,DESCEND,-2.7077,-2.8483,1.3698,-0.0390,0.0339,0.9661,2.9529,3.0622,1.3843,6.0608,366.0000,0.0048,136.4816,52.7235,2.9529,0.2175,0.4407,0.1836,0.0367,0.0028,0.0113,0.0113,0.0960,208.7528,193.2729,2.3139,5.0373,1.5090,6.5536,0.0007,0.0020,0.1061,0.1376,0.5252,1.2817,3.2234,4.0512,3.9950,1.8940,2.2041,2.9860,2.0794,0.7994,0.8162,-0.6331,0.9857,4.2561,2.3147,0.8098,2.2586,-0.0023,0.9940,0.7677,2.5264,2.1075,0.0000,0.0000,1.0000,0.0629,2191.9121,46.9505,155.7429,0.3313,0.4249,-36.9409,0.5708,0.8070,-21.5431,-3.0393
8.5000,DESCEND,DESCEND,0.0049,0.0000,0.1457,0.2373,0.4071,0.3388,0.1075,0.0012,0.2020,1.2537,367.0000,0.0048,120.1905,44.3241,0.1075,0.3825,0.0601,0.0765,0.0546,0.0929,0.1038,0.1011,0.1284,174.8902,173.8030,0.0033,0.4566,0.1957,2.1797,-0.0004,-0.0000,0.0304,0.0328,0.4908,0.8421,0.1372,0.0124,0.0006,0.2674,0.2020,0.0089,0.1009,0.2013,0.0111,-0.0059,0.9998,0.0372,-0.0236,0.1190,0.4712,0.0002,0.9982,-0.0222,0.1633,0.1130,-0.0000,-0.0000,1.0000,0.0635,2190.5487,47.1829,168.3801,0.3512,0.4237,25.1250,0.2833,0.8008,-20.7976,-5.7958
8.6667,DESCEND,DESCEND,-4.2661,-4.7031,3.6833,1.7662,0.1443,0.8557,9.1700,9.5836,3.0647,14.6833,340.0000,0.0044,110.6454,42.1363,9.1700,0.3423,0.5738,0.0034,0.0201,0.0134,0.0034,0.0101,0.0336,179.2128,158.5859,8.2456,12.3365,4.2220,28.4780,-0.0110,0.0010,0.3392,0.3941,0.5117,3.5558,7.8150,8.2693,7.3828,8.6544,9.2078,8.8279,10.8720,3.5264,0.6224,-1.9353,0.9965,9.1036,0.9838,3.7673,10.1483,-0.0280,1.0198,1.5880,9.4981,-1.4806,0.0000,-0.0000,0.8758,0.0601,2229.2366,46.8341,127.3341,0.3393,0.4225,-38.0346,0.5708,0.7872,-23.4750,-13.0162
8.8333,DESCEND,DESCEND,-11.6210,-13.4732,5.7691,0.2093,0.0657,0.9343,14.2834,16.3421,5.4080,20.7247,326.0000,0.0042,122.5373,48.1899,14.2834,0.0730,0.8358,0.0000,0.0109,0.0073,0.0000,0.0146,0.0584,191.0646,196.1628,11.8323,19.3191,6.7305,20.8542,-0.0318,0.0022,0.4438,0.4962,0.5217,5.0647,16.8443,17.9386,13.6055,12.1153,13.1427,8.6926,9.7988,3.6156,0.4364,-1.4465,0.9644,13.3314,14.4884,3.6404,13.3978,-0.0092,0.9819,1.0778,5.2160,16.8459,0.0000,0.0001,0.8832,0.0629,2338.7438,49.1336,140.7968,0.3312,0.4314,23.8602,0.3708,0.8529,-25.1364,2.9828
9.0000,DESCEND,DESCEND,-2.7701,-2.4097,3.1028,2.2209,0.1871,0.8129,4.8422,4.9389,2.7937,10.4047,351.0000,0.0046,121.9931,49.5668,4.8422,0.3581,0.3323,0.0290,0.0516,0.0613,0.0903,0.0323,0.0452,198.3413,180.4770,4.2613,9.3361,3.0738,10.3212,-0.0249,-0.0175,0.1825,0.1984,0.3631,2.2348,7.9976,8.0038,6.7297,3.4928,2.9064,3.5817,4.4768,1.9559,0.2106,-0.6669,0.9758,9.0789,3.5716,2.7140,8.8091,0.0273,0.9619,0.8200,9.9561,5.3912,-0.0000,-0.0001,0.9935,0.0627,2372.3734,48.7000,126.2496,0.3410,0.4292,24.1022,0.3833,0.8326,-22.4807,-4.8766
9.1667,DESCEND,DESCEND,1.9888,3.2362,5.4612,8.6622,0.6486,0.3514,7.0275,7.5663,2.3188,11.0434,359.0000,0.0047,114.5668,46.2836,7.0275,0.0000,0.0030,0.0060,0.1862,0.5946,0.1892,0.0030,0.0180,175.4594,166.3407,6.5838,9.3287,3.0334,13.6108,0.0192,0.0036,0.2451,0.3370,0.5356,3.6157,6.8533,5.2319,4.6123,8.6522,7.5849,7.9133,7.0680,3.1471,0.8353,-1.8555,0.9902,-1.7762,-7.4088,2.2153,10.8428,0.0078,0.9928,1.6952,-1.5987,-7.7863,0.0000,-0.0000,0.8919,0.0616,2372.1883,48.1681,121.7580,0.3281,0.4298,26.8658,0.3875,0.8520,-26.7619,-10.2157
9.3333,DESCEND,DESCEND,-5.9715,-6.3819,2.8238,-0.0700,0.0243,0.9757,8.0981,8.8179,3.0685,16.0443,357.0000,0.0046,126.7376,54.3675,8.0981,0.2705,0.6565,0.0030,0.0243,0.0061,0.0061,0.0122,0.0213,201.2606,186.7155,8.0016,11.4780,3.5994,13.2983,-0.0003,0.0136,0.2707,0.3105,0.6372,2.3999,5.2907,6.7866,7.0092,8.1286,9.2053,10.4795,8.7514,3.7035,1.1465,-0.1490,0.9897,6.8187,7.8961,2.9007,7.4705,-0.0220,1.0193,1.5457,3.3845,0.4650,0.0000,0.0000,0.9149,0.0649,2420.2488,49.4578,137.9550,0.3268,0.4261,29.0213,0.4042,0.8348,-25.8860,6.5763
9.5000,DESCEND,DESCEND,0.0028,0.0000,0.0503,0.0330,0.3557,0.2521,0.0179,0.0001,0.0666,0.6485,357.0000,0.0046,120.8600,50.2152,0.0179,0.4762,0.0616,0.0560,0.1092,0.0728,0.0812,0.0588,0.0840,181.8248,179.3762,0.0000,0.1210,0.0678,0.9388,-0.0000,-0.0000,0.0100,0.0086,0.4816,0.1904,0.0403,0.0001,0.0010,0.0047,0.0142,0.0058,0.0194,0.0555,0.0318,-0.0001,1.0000,-0.0108,-0.0063,0.0243,0.1222,-0.0000,1.0005,0.0056,-0.0607,-0.0337,0.0000,0.0000,1.0000,0.0645,2421.0520,49.4835,136.8633,0.3444,0.4212,27.9326,0.4042,0.8432,-24.5698,14.1868
9.6667,DESCEND,DESCEND,-8.9689,-11.2729,4.7476,0.5981,0.0895,0.9105,11.6366,12.5585,3.4416,15.9538,373.0000,0.0049,129.5122,56.9610,11.6366,0.6550,0.2652,0.0160,0.0096,0.0128,0.0000,0.0128,0.0288,221.8679,197.7079,12.4249,13.7576,4.7252,15.9833,-0.0091,0.0078,0.3653,0.3951,0.5630,4.2049,12.6863,12.3968,11.1625,12.0914,11.5282,11.1982,12.6020,5.5688,0.9939,-0.1401,0.9873,11.6295,9.0018,2.1194,10.4762,-0.0257,0.9993,0.6746,8.4782,8.3622,0.0000,0.0000,0.9073,0.0770,2504.3836,52.2042,160.9764,0.3256,0.4108,26.8698,0.4167,0.8408,-21.1570,29.8911
9.8333,DESCEND,DESCEND,-2.9934,-2.2478,4.3121,3.1610,0.2762,0.7238,6.7071,7.3389,3.5830,12.1373,389.0000,0.0051,115.0434,52.0977,6.7071,0.7500,0.0203,0.0029,0.0407,0.0291,0.0407,0.0436,0.0727,204.5767,168.9744,6.4544,11.6142,3.8826,12.7730,-0.0318,-0.0185,0.2335,0.2226,0.3426,2.6406,11.0422,10.0079,9.1410,7.3386,6.4402,5.9217,2.5475,1.6402,0.9703,-0.9360,0.9795,12.1190,1.8329,2.8104,7.6838,0.0232,0.9815,0.4643,14.6898,3.1118,-0.0000,-0.0000,0.9942,0.0859,2524.0962,55.1483,251.5922,0.3242,0.4189,27.9147,0.4000,0.8544,-14.6061,34.6299
10.0000,DESCEND,DESCEND,-0.9355,-0.7400,4.1393,6.9642,0.3649,0.6351,4.8512,4.7590,3.0991,17.6005,386.0000,0.0050,109.8671,53.9044,4.8512,0.0345,0.0977,0.5402,0.1609,0.0690,0.0172,0.0201,0.0603,199.6397,152.1732,3.8563,10.1332,3.3150,19.0096,0.0036,0.0001,0.2710,0.3837,0.5047,2.7525,1.5490,2.7671,5.6690,2.4318,5.1184,8.5111,5.1908,3.4051,4.9302,-2.1060,0.9977,1.9407,-1.5646,2.1966,8.1602,-0.0016,1.0082,1.8218,2.8684,-3.1759,0.0000,-0.0000,0.8966,0.0847,2558.8920,54.7233,196.7394,0.3322,0.4057,29.8698,0.4042,0.8534,-9.6137,11.6794
10.1667,DESCEND,DESCEND,-10.6956,-11.9481,11.5101,-2.0319,0.0291,0.9709,17.4646,17.3750,9.2279,94.3120,280.0000,0.0036,146.8440,38.7043,17.4646,0.0058,0.0988,0.8605,0.0000,0.0058,0.0116,0.0000,0.0174,167.3395,190.4209,9.3279,22.2079,8.2609,67.2448,0.0084,0.0035,0.7206,1.1260,0.5135,7.2677,13.8910,8.1341,14.9207,9.7278,8.9577,6.8707,8.3628,6.2122,18.2391,-1.1047,1.0101,-2.5520,14.2535,4.9420,14.9450,-0.0094,1.0764,2.0556,-4.0439,8.4210,0.0000,0.0006,0.9186,0.0603,3892.5078,43.4522,117.4897,0.4819,0.3334,21.9296,0.3500,0.8301,-10.7129,4.6417
10.3333,STABLE,DESCEND,9.6255,6.5241,17.5182,44.6898,0.6087,0.3913,27.0061,19.7341,13.8552,53.6149,178.0000,0.0023,121.0355,39.7791,27.0061,0.1304,0.0435,0.0000,0.0000,0.0000,0.0000,0.4783,0.3478,155.2007,143.4365,6.7922,15.3804,4.9543,26.0958,-0.0254,-0.0001,0.6948,0.9834,0.4828,10.0112,9.1680,7.0085,9.2682,12.1442,9.1344,5.5453,3.9341,4.6168,4.5191,13.7971,0.7354,17.4877,9.7531,26.4844,84.5679,0.0405,0.7832,0.5798,13.0714,5.7888,0.0000,-0.0001,0.6087,0.0185,3241.5420,30.3924,45.7702,0.6452,0.2336,2.1211,0.2958,0.6755,-8.0665,27.2776
10.5000,STABLE,DESCEND,-0.0000,0.0000,0.0001,0.0000,0.0169,0.0449,0.0000,0.0000,0.0002,0.0022,252.0000,0.0033,115.4088,44.7348,0.0000,0.9438,0.0112,0.0000,0.0000,0.0000,0.0000,0.0056,0.0393,155.2007,143.4365,0.0000,0.0016,0.0044,0.1189,0.0000,0.0000,0.0012,0.0001,0.5159,0.0581,0.0006,0.0003,0.0004,0.0014,0.0004,0.0001,0.0008,0.0007,0.0009,0.0000,1.0000,0.0000,0.0000,0.0001,0.0002,-0.0000,1.0000,0.0000,-0.0000,-0.0000,0.0000,0.0000,1.0000,0.0185,3241.3987,30.3906,45.7709,0.6354,0.2271,2.1211,0.2958,0.6755,-1.6204,24.5143
10.6667,STABLE,DESCEND,nan,nan,nan,nan,nan,nan,46.9788,46.9788,0.0000,46.9788,222.0000,0.0029,nan,nan,46.9788,0.0000,0.0000,0.0000,0.0000,1.0000,0.0000,0.0000,0.0000,nan,nan,6.5236,14.8364,4.3290,22.6808,0.0102,-0.0036,0.6683,1.0661,0.4960,6.5232,7.5569,6.4380,6.0477,7.4137,9.7322,7.4685,5.4794,7.6335,5.9009,nan,nan,nan,nan,nan,nan,nan,nan,nan,nan,nan,nan,nan,nan,0.0306,1728.5337,38.0585,67.6121,0.5112,0.2780,-27.8803,0.4833,0.8768,0.1049,20.2214
10.8333,STABLE,DESCEND,nan,nan,nan,nan,nan,nan,20.5632,20.5632,10.4493,31.0124,138.0000,0.0018,nan,nan,20.5632,0.0000,0.0000,0.0000,0.0000,0.0000,0.0000,1.0000,0.0000,nan,nan,5.8176,13.9821,4.2141,22.7879,0.0100,0.0015,0.6242,1.0131,0.5022,4.0650,6.3717,5.7504,5.7722,6.8242,4.9462,6.4469,6.0954,8.3662,6.3105,nan,nan,nan,nan,nan,nan,nan,nan,nan,nan,nan,nan,nan,nan,0.0164,2516.8009,26.7412,38.4176,0.4601,0.2948,nan,nan,0.0000,5.1201,10.0094
11.0000,STABLE,DESCEND,nan,nan,nan,nan,nan,nan,37.1851,37.1851,0.0000,37.1851,109.0000,0.0014,nan,nan,37.1851,0.0000,0.0000,0.0000,0.0000,0.0000,1.0000,0.0000,0.0000,nan,nan,4.3346,14.1819,4.4858,23.4256,0.0028,0.0006,0.6510,1.0126,0.5063,4.8053,1.9440,5.4314,7.5811,3.8115,5.4146,6.1471,4.3956,7.9089,5.8711,nan,nan,nan,nan,nan,nan,nan,nan,nan,nan,nan,nan,nan,nan,0.0023,3056.4478,20.4286,15.1396,0.5980,0.3160,0.0000,0.4833,0.1800,3.4414,-5.3224
11.1667,STABLE,DESCEND,nan,nan,nan,nan,nan,nan,nan,nan,nan,nan,201.0000,0.0026,nan,nan,nan,nan,nan,nan,nan,nan,nan,nan,nan,nan,nan,2.4902,22.2571,8.2056,58.2071,-0.0010,-0.0013,0.8788,1.2032,0.4657,10.5870,2.8885,5.0964,6.4561,12.1443,9.1414,8.5922,5.0598,4.5198,1.9233,nan,nan,nan,nan,nan,nan,nan,nan,nan,nan,nan,nan,nan,nan,0.0122,4017.9845,20.7018,21.4923,0.6102,0.3894,-7.9072,0.4375,0.5452,3.3460,1.8372
11.3333,STABLE,DESCEND,nan,nan,nan,nan,nan,nan,nan,nan,nan,nan,87.0000,0.0011,nan,nan,nan,nan,nan,nan,nan,nan,nan,nan,nan,nan,nan,4.0949,21.9510,7.7810,53.4248,-0.0023,0.0007,0.8757,1.2667,0.5074,9.3454,5.1895,1.4223,1.9529,13.8740,8.1102,8.2893,7.5833,6.1302,7.0756,nan,nan,nan,nan,nan,nan,nan,nan,nan,nan,nan,nan,nan,nan,0.0085,2591.5972,23.0827,25.4820,0.5724,0.2573,nan,nan,0.0000,4.0538,-22.1672
11.5000,STABLE,DESCEND,-0.0004,0.0000,0.0154,0.0009,0.2414,0.2299,0.0037,0.0000,0.0172,0.1227,236.0000,0.0031,109.4877,38.4345,0.0037,0.5632,0.0230,0.0460,0.0345,0.1494,0.0115,0.1034,0.0690,150.8888,131.9610,0.0000,0.0210,0.0197,0.3486,0.0000,-0.0000,0.0032,0.0013,0.4779,0.0745,0.0017,0.0038,0.0024,0.0075,0.0076,0.0086,0.0057,0.0003,0.0016,-0.0004,1.0000,0.0025,0.0004,0.0052,0.0041,-0.0000,1.0000,0.0012,0.0036,-0.0011,0.0000,-0.0000,1.0000,0.0085,2590.8743,23.0817,25.3959,0.5533,0.2577,nan,nan,0.0000,-4.0431,-12.4916
11.6667,STABLE,STABLE,nan,nan,nan,nan,nan,nan,14.4791,14.4791,0.0000,14.4791,200.0000,0.0026,nan,nan,14.4791,0.0000,1.0000,0.0000,0.0000,0.0000,0.0000,0.0000,0.0000,nan,nan,3.4599,16.9841,5.9492,44.2125,-0.0005,-0.0023,0.8490,1.3122,0.4779,7.0620,5.7554,3.2620,3.2123,3.9399,7.7994,8.7773,6.1342,4.1907,5.6329,nan,nan,nan,nan,nan,nan,nan,nan,nan,nan,nan,nan,nan,nan,0.0079,3652.0084,19.6507,26.2949,0.6046,0.3708,-25.1016,0.6583,0.6129,-0.1101,11.4465
11.8333,STABLE,STABLE,nan,nan,nan,nan,nan,nan,nan,nan,nan,nan,356.0000,0.0046,nan,nan,nan,nan,nan,nan,nan,nan,nan,nan,nan,nan,nan,2.5219,12.0064,3.8475,20.2194,-0.0054,-0.0010,0.5699,0.9065,0.4978,4.2862,4.9133,3.3346,3.7614,3.8388,3.8848,4.6287,4.1226,1.8154,3.9355,nan,nan,nan,nan,nan,nan,nan,nan,nan,nan,nan,nan,nan,nan,0.0023,946.9003,20.1487,13.0769,0.9239,0.0249,nan,nan,0.0000,-0.2276,-0.6266
12.0000,STABLE,STABLE,nan,nan,nan,nan,nan,nan,nan,nan,nan,nan,291.0000,0.0038,nan,nan,nan,nan,nan,nan,nan,nan,nan,nan,nan,nan,nan,4.3597,21.2056,7.0359,49.0220,-0.0063,-0.0001,0.7050,1.0883,0.4995,7.1695,3.3368,2.9332,3.9298,8.0457,14.3979,4.7251,4.3598,8.4082,9.3874,nan,nan,nan,nan,nan,nan,nan,nan,nan,nan,nan,nan,nan,nan,0.0222,933.9529,25.7374,23.9373,0.8904,0.0557,53.2267,0.5792,0.5930,-0.3190,-0.4697
12.1667,STABLE,STABLE,nan,nan,nan,nan,nan,nan,nan,nan,nan,nan,187.0000,0.0024,nan,nan,nan,nan,nan,nan,nan,nan,nan,nan,nan,nan,nan,1.4123,20.5949,7.7234,59.1995,0.0062,-0.0009,0.7606,1.1294,0.4822,8.8084,8.4229,3.9095,2.8020,2.9679,12.5237,3.4146,0.7397,3.9345,5.6944,nan,nan,nan,nan,nan,nan,nan,nan,nan,nan,nan,nan,nan,nan,0.0004,1363.4193,8.7088,4.4028,0.9297,0.0138,nan,nan,0.0000,-0.3842,-0.3073
12.3333,STABLE,STABLE,nan,nan,nan,nan,nan,nan,nan,nan,nan,nan,60.0000,0.0008,nan,nan,nan,nan,nan,nan,nan,nan,nan,nan,nan,nan,nan,0.0042,3.3500,3.6947,45.8875,-0.0011,-0.0000,0.4549,0.1000,0.4408,7.4170,0.0781,0.9526,0.0488,0.0052,0.7366,0.3645,0.0066,1.8314,2.7843,nan,nan,nan,nan,nan,nan,nan,nan,nan,nan,nan,nan,nan,nan,0.0000,18.9685,0.6995,0.3174,1.0000,0.0000,nan,nan,0.0000,-0.4214,-0.1551
12.5000,STABLE,STABLE,-0.4811,-0.2077,0.6051,0.0586,0.3043,0.6957,0.9426,0.2383,1.3788,4.1270,60.0000,0.0008,162.4747,21.0375,0.9426,0.0435,0.1739,0.0435,0.1739,0.0870,0.2174,0.2174,0.0435,127.1770,131.6486,0.0000,0.0027,0.0037,0.0905,0.0000,0.0000,0.0007,0.0001,0.4379,0.0187,0.0024,0.0000,0.0000,0.0000,0.0000,0.0001,0.0015,0.0000,0.0019,-0.0632,0.9978,0.1750,-0.0443,0.8870,3.5537,-0.0025,0.9938,0.5067,0.0821,0.2451,-0.0000,0.0000,1.0000,0.0000,19.3890,0.7076,0.3053,0.9677,0.0013,nan,nan,0.0000,-0.4359,-0.0061
12.6667,STABLE,STABLE,nan,nan,nan,nan,nan,nan,nan,nan,nan,nan,341.0000,0.0044,nan,nan,nan,nan,nan,nan,nan,nan,nan,nan,nan,nan,nan,0.0002,0.0108,0.0719,1.9259,0.0000,0.0000,0.0125,0.0005,0.5029,0.3385,0.0063,0.0001,0.0003,0.0011,0.0001,0.0004,0.0017,0.0002,0.0676,nan,nan,nan,nan,nan,nan,nan,nan,nan,nan,nan,nan,nan,nan,0.0000,203.3225,3.3521,1.5538,1.0000,0.0000,nan,nan,0.0000,-0.4234,0.1523
12.8333,STABLE,STABLE,nan,nan,nan,nan,nan,nan,nan,nan,nan,nan,67.0000,0.0009,nan,nan,nan,nan,nan,nan,nan,nan,nan,nan,nan,nan,nan,0.0012,2.8950,1.5403,14.4946,0.0002,-0.0000,0.1934,0.1404,0.4748,2.6048,0.0031,0.0005,0.5056,0.0015,0.0007,2.4207,0.0018,0.0131,0.9971,nan,nan,nan,nan,nan,nan,nan,nan,nan,nan,nan,nan,nan,nan,0.0014,441.6643,7.3135,5.6255,1.0000,0.0000,nan,nan,0.0000,-0.3851,0.3075
13.0000,STABLE,STABLE,nan,nan,nan,nan,nan,nan,nan,nan,nan,nan,93.0000,0.0012,nan,nan,nan,nan,nan,nan,nan,nan,nan,nan,nan,nan,nan,0.0485,7.3732,3.3039,29.7520,-0.0020,-0.0000,0.4241,0.4865,0.4945,8.4723,1.7315,2.2451,1.7458,0.7700,0.0100,4.9097,0.0811,0.0114,1.2041,nan,nan,nan,nan,nan,nan,nan,nan,nan,nan,nan,nan,nan,nan,0.0036,716.8183,10.1460,9.6003,1.0000,0.0004,nan,nan,0.0000,-0.3209,0.4628
13.1667,STABLE,STABLE,nan,nan,nan,nan,nan,nan,nan,nan,nan,nan,130.0000,0.0017,nan,nan,nan,nan,nan,nan,nan,nan,nan,nan,nan,nan,nan,0.0068,9.7929,3.2730,19.7163,0.0078,0.0000,0.3393,0.4048,0.5463,4.8481,3.6247,3.8690,2.2339,2.1429,0.0742,0.0003,0.2004,0.0016,0.0020,nan,nan,nan,nan,nan,nan,nan,nan,nan,nan,nan,nan,nan,nan,0.0000,458.2625,4.2080,2.4802,1.0000,0.0003,nan,nan,0.0000,-0.2309,0.6181
13.3333,STABLE,STABLE,nan,nan,nan,nan,nan,nan,47.0230,47.0230,0.0000,47.0230,66.0000,0.0009,nan,nan,47.0230,0.0000,0.0000,0.0000,1.0000,0.0000,0.0000,0.0000,0.0000,nan,nan,0.0011,3.7811,2.5411,23.0481,-0.0040,0.0000,0.2057,0.0328,0.5049,3.1876,4.2742,1.2056,0.0003,0.0473,0.0352,0.0006,0.0144,0.0021,0.0031,nan,nan,nan,nan,nan,nan,nan,nan,nan,nan,nan,nan,nan,nan,0.0007,424.8011,5.6282,6.3030,0.9949,0.0013,nan,nan,0.0000,-0.1149,0.7733
13.5000,STABLE,STABLE,-0.0044,0.0006,0.0404,0.0338,0.5909,0.3788,0.0207,0.0026,0.0421,0.2096,255.0000,0.0033,97.8740,33.4250,0.0207,0.1364,0.1364,0.0758,0.0606,0.0909,0.2879,0.0909,0.1212,123.3741,108.7964,0.0000,0.0110,0.0178,0.2550,-0.0000,0.0000,0.0027,0.0005,0.5068,0.0651,0.0198,0.0074,0.0005,0.0004,0.0002,0.0003,0.0001,0.0000,0.0002,-0.0024,0.9999,0.0157,-0.0000,0.0253,0.0855,0.0001,0.9999,-0.0013,0.0257,0.0047,-0.0000,-0.0000,1.0000,0.0007,424.6298,5.6329,6.2931,0.9707,0.0059,nan,nan,0.0000,0.0269,0.9286
13.6667,STABLE,STABLE,nan,nan,nan,nan,nan,nan,nan,nan,nan,nan,42.0000,0.0005,nan,nan,nan,nan,nan,nan,nan,nan,nan,nan,nan,nan,nan,0.0009,30.9903,15.1064,101.1998,0.0326,0.0000,0.8400,0.5201,0.5024,13.5676,29.3470,5.0167,0.0005,0.0010,0.0029,0.0010,0.7326,0.8636,1.1894,nan,nan,nan,nan,nan,nan,nan,nan,nan,nan,nan,nan,nan,nan,0.0014,59.3493,3.6160,3.8024,1.0000,0.0000,nan,nan,0.0000,0.1946,1.0062
